{
  "project_info": {
    "project_number": "933319058082",
    "firebase_url": "https://seatstatus-e7703.firebaseio.com",
    "project_id": "seatstatus-e7703",
    "storage_bucket": "seatstatus-e7703.appspot.com"
  },
  "client": [
    {
      "client_info": {
        "mobilesdk_app_id": "1:933319058082:android:c74551d18732e74b062dfb",
        "android_client_info": {
          "package_name": "com.example.studyroom"
        }
      },
      "oauth_client": [
        {
          "client_id": "933319058082-n3sqo233ntn4s2o50da5bk7i2jvsanhc.apps.googleusercontent.com",
          "client_type": 1,
          "android_info": {
            "package_name": "com.example.studyroom",
            "certificate_hash": "9d922c299dbb964bb976cfcaa1f7595aee22c3fd"
          }
        },
        {
          "client_id": "933319058082-bk583nosalm3b5d46bngdgq7f6isl932.apps.googleusercontent.com",
          "client_type": 3
        }
      ],
      "api_key": [
        {
          "current_key": "AIzaSyBiqvXoqi2dWL_dHxG-LoQMPw6mxJlDCkg"
        }
      ],
      "services": {
        "appinvite_service": {
          "other_platform_oauth_client": [
            {
              "client_id": "933319058082-bk583nosalm3b5d46bngdgq7f6isl932.apps.googleusercontent.com",
              "client_type": 3
            }
          ]
        }
      }
    }
  ],
  "configuration_version": "1"
}